{"cameraMode":{"drawMode":0,"name":"Shaded","section":"Shading Mode"},"sceneLighting":false,"audioPlay":false,"sceneViewState":{"m_AlwaysRefresh":false,"showFog":true,"showSkybox":false,"showFlares":true,"showImageEffects":true,"showParticleSystems":true,"showVisualEffectGraphs":true,"m_FxEnabled":true},"in2DMode":false,"pivot":{"x":-0.6669588685035706,"y":-0.1359851062297821,"z":-0.0898662805557251},"rotation":{"x":-0.02010331302881241,"y":-0.020397111773490907,"z":0.00040820511640049517,"w":-0.9995958209037781},"size":4.164865970611572,"orthographic":false}