{"cameraMode":{"drawMode":0,"name":"Shaded","section":"Shading Mode"},"sceneLighting":false,"audioPlay":false,"sceneViewState":{"m_AlwaysRefresh":false,"showFog":true,"showSkybox":false,"showFlares":true,"showImageEffects":true,"showParticleSystems":true,"showVisualEffectGraphs":true,"m_FxEnabled":true},"in2DMode":false,"pivot":{"x":0.16705703735351563,"y":-10.273309707641602,"z":6.224068641662598},"rotation":{"x":-0.12100791931152344,"y":-0.19024641811847688,"z":0.023634813725948335,"w":-0.9739664793014526},"size":25.533172607421876,"orthographic":false}