{"cameraMode":{"drawMode":0,"name":"Shaded","section":"Shading Mode"},"sceneLighting":false,"audioPlay":false,"sceneViewState":{"m_AlwaysRefresh":false,"showFog":true,"showSkybox":false,"showFlares":true,"showImageEffects":true,"showParticleSystems":true,"showVisualEffectGraphs":true,"m_FxEnabled":true},"in2DMode":false,"pivot":{"x":-1.628841519355774,"y":2.2493834495544435,"z":0.5544826984405518},"rotation":{"x":0.0022280847188085319,"y":0.9918808341026306,"z":0.017548998817801477,"w":-0.12594424188137055},"size":3.4136013984680177,"orthographic":false}