{"cameraMode":{"drawMode":0,"name":"Shaded","section":"Shading Mode"},"sceneLighting":false,"audioPlay":false,"sceneViewState":{"m_AlwaysRefresh":false,"showFog":true,"showSkybox":false,"showFlares":true,"showImageEffects":true,"showParticleSystems":true,"showVisualEffectGraphs":true,"m_FxEnabled":true},"in2DMode":false,"pivot":{"x":-0.14008712768554688,"y":1.2584224939346314,"z":0.20560789108276368},"rotation":{"x":-0.026828771457076074,"y":0.9728682637214661,"z":-0.17432932555675507,"w":-0.14972136914730073},"size":1.8836063146591187,"orthographic":false}